<?xml version="1.0" encoding="UTF-8"?>
<!DOCTYPE metadata SYSTEM "http://thor-f5.er.usgs.gov/ngtoc/metadata/fgdc-std-001-1998.dtd">
<metadata>
 <idinfo>
 <!-- Identification Information - basic information about the data set. Type: compound. -->
  <citation>
   <!-- Citation - information to be used to reference the data set. Type: compound. -->
   <citeinfo>
    <!-- Citation Information - the recommended reference to be used for the data set. -->
    <origin>F.L.W. Mapping, Inc.</origin>
    <!-- Originator - the name of an organization or individual that developed the data set. Type: text. Domain: "Unknown" free text. -->
    <pubdate>20150415</pubdate>
    <!-- Publication Date - the date when the data set is published or otherwise made available for release. Type: date. Domain: "Unknown" "Unpublished material" free date. -->
    <title>Phelps and Dent Counties, Missouri Lidar; Hydro Flattened Bare Earth DEM</title>
    <!-- Title - the name by which the data set is known. Type: text. Domain: free text. -->
    <geoform>raster digital data</geoform>
    <!-- Geospatial Data Presentation Form. Type: text. Domain: "raster digital data" free text. -->
   </citeinfo>
  </citation>
  <descript>
   <!-- Description - a characterization of the data set, including its intended use and limitations. Type: compound. -->
   <abstract>Product: These are Digital Elevation Model (DEM) data for Phelps and Dent county, Missouri as part of the required deliverables for the 2014 Phelps and Dent County Lidar project. Class 2 (ground) lidar points in conjunction with the hydro breaklines were used to create a 1 meter hydro-flattened Raster DEM.
   Geographic Extent: Phelps and Dent county, Missouri, covering approximately 1,500 square miles. Dataset Description: Phelps and Dent county, Missouri 2014 Lidar project called for the Planning, Acquisition, processing and derivative products of lidar data to be collected at a nominal pulse spacing (NPS) of 0.7 meter. Project specifications are based on the U.S. Geological Survey National Geospatial Program Base Lidar Specification, Version 1.2. The data was developed based on a horizontal projection/datum of NAD83, Universal Transverse Mercator, meters and vertical datum of NAVD88 (GEOID12A), meters. Lidar data was delivered as flightline-extent unclassified LAS swaths, as processed Classified LAS 1.4 files, formatted to 1565 individual 1500 m x 1500 m tiles, as tiled Intensity Imagery, and as tiled bare earth DEMs; all tiled to the same 1500 m x 1500 m schema. 
   Ground Conditions: Lidar was collected in late 2014 and early 2015, while no snow was on the ground and rivers were at or below normal levels. In order to post process the lidar data to meet task order specifications and meet ASPRS vertical accuracy guidelines, F.L.W. Mapping, Inc. established a total of 50 ground control points that were used to calibrate the lidar to known ground locations established throughout the Phelps and Dent county, Missouri project area. An additional 120 independent accuracy checkpoints, 67 in Bare Earth and Urban landcovers (67 NVA points), 53 in Tall Grass and Brushland/Low Trees categories (53 VVA points), were used to assess the vertical accuracy of the data. These checkpoints were not used to calibrate or post process the data.</abstract>
   <!-- Abstract - a brief narrative descriptive summary of the data set. Type: text. Domain: free text. -->
   <purpose>To acquire detailed surface elevation data for use in conservation planning, design, research, floodplain mapping, dam safety assessments and elevation modeling, etc. Classified LAS files are used to show the manually reviewed bare earth surface. This allows the user to create Intensity Images, Breaklines and Raster DEM. The purpose of these lidar data was to produce high accuracy 3D hydro-flattened Digital Elevation Model (DEM) with a 1 meter cell size. These raw lidar point cloud data were used to create classified lidar LAS files, intensity images, 3D breaklines, hydro-flattened DEMs as necessary.</purpose>
   <!-- Purpose - a summary of the intentions with which the data set was developed. Type: text. Domain: free text. -->
   <supplinf>
    	Raster File Type = IMG 
    	Bit Depth/Pixel Type = 32-bit float
    	Raster Cell Size = 1 Meter
    	Interpolation or Resampling Technique = Triangulated Irregular Network
    	Required Vertical Accuracy = 19.6 cm NVA
  	
    <!-- Supplemental Information - other descriptive information about the data set. Type: text. Domain: free text. 
    Raster File Type = "IMG" "GRID" "TIFF"
    Bit Depth/Pixel Type = "32-bit float" "64 bit"
    Raster Cell Size. (Express the number as "0.5", "1.0", "2.0", "2.5", etc.) = "Meters" "United States Survey Feet" "International Feet" 
    Interpolation or Resampling Technique = "Triangulated Irregular Network (TIN)" "Inverse Distance Weighting (IDW)" "Radial Basis Functions" "Kriging" "Nearest Neighbor" "Bi-linear Interpolation" "Cubic Convolution" "Surface Fitting" "Adaptive" "Proprietary" "Unknown"
    Required Vertical Accuracy = (Depends on which Lidar Base Spec the project is adhering to. Example: "24.5 cm fva" for 1.0 spec, "24.5 cm nva" for 1.2 spec) -->
   </supplinf>
  </descript>
  <timeperd>
   <!-- Time Period of Content. Type: compound. -->
   <timeinfo>
    <!-- Time Period Information - information about the date and time of an event. Type: compound. -->
    <rngdates>
     <!-- Range of Dates/Times. Type: compound. -->
     <begdate>20141027</begdate>
     <!-- Beginning Date - the first year, month, and day of the collection. The field MUST be formatted YYYYMMDD. Type: date. Domain: "Unknown" free date. -->
     <enddate>20150217</enddate>
     <!-- Ending Date - the last year month, and day for the collection. The field MUST be formatted YYYYMMDD. Type: date. Domain: "Unknown" free date. -->
    </rngdates>
   </timeinfo>
   <current>ground condition</current>
   <!-- Currentness Reference. Type: text. Domain: "ground condition"  free text. -->
  </timeperd>
  <status>
   <!-- Status - the state of the maintenance information for the data set. Type: compound. -->
   <progress>Complete</progress>
   <!-- Progress - the state of the data set. Type: compound. Domain: "Complete", "In Work", "Planned" -->
   <update>None planned</update>
   <!-- Maintenance and Update Frequency - the frequency with which changes and additions are made to the data set after the initial data set is completed. Type: text. Domain: "Unknown" "As needed" "None planned" free text. -->
  </status>
  <spdom>
   <!-- Spatial Domain - the geographic areal domain of the data set. Type: compound. -->
   <bounding>
    <!-- Bounding Coordinates - the limits of coverage of a data set expressed by latitude and longitude values in the order western-most, eastern-most, northern-most, and southern-most. Type: compound. -->
    <westbc>-91.75000</westbc>
    <!-- West Bounding Coordinate - western-most coordinate of the limit of coverage expressed in longitude. Type: real. Domain: -180.0 <= West Bounding Coordinate < 180.0 -->
    <eastbc>-91.25000</eastbc>
    <!-- East Bounding Coordinate - eastern-most coordinate of the limit of coverage expressed in longitude. Type: real. Domain: -180.0 <= East Bounding Coordinate <= 180.0 -->
    <northbc>38.00000</northbc>
    <!-- North Bounding Coordinate - northern-most coordinate of the limit of coverage expressed in latitude. Type: real. Domain: -90.0 <= North Bounding Coordinate <= 90.0 -->
    <southbc>37.25000</southbc>
    <!-- South Bounding Coordinate - southern-most coordinate of the limit of coverage expressed in latitude. Type: real. Domain: -90.0 <= South Bounding Coordinate <= 90.0 -->
   </bounding>
   <lbounding>
    <leftbc>584800</leftbc>
    <!-- Left (western-most) Bounding Coordinate for coverage of the dataset expressed in the Coordinate Reference System in which the data are delivered. -->
    <rightbc>664800</rightbc>
    <!-- Right (eastern-most) Bounding Coordinate for coverage of the dataset expressed in the Coordinate Reference System in which the data are delivered. -->
    <topbc>4225400</topbc>
    <!-- Top (northern-most) Bounding Coordinate for coverage of the dataset expressed in the Coordinate Reference System in which the data are delivered. -->
    <bottombc>4141400</bottombc>
    <!-- Bottom (southern-most) Bounding Coordinate for coverage of the dataset expressed in the Coordinate Reference System in which the data are delivered. -->
   </lbounding>
  </spdom>
  <keywords>
   <!-- Keywords - words or phrases summarizing an aspect of the data set. Type: compound -->
   <theme>
    <!-- Theme - subjects covered by the data set. Type: compound. -->
    <themekt>None</themekt>
    <!-- Theme Keyword Thesaurus. Type: text. Domain: "None" free text. -->
    <themekey>Model</themekey>
    <themekey>Raster</themekey>
    <themekey>DEM</themekey>
    <themekey>Remote Sensing</themekey>
    <themekey>Elevation Data</themekey>
    <themekey>Lidar</themekey>
    <!-- Theme Keyword - common-use word or phrase used to describe the subject of the data set. Type: text. Domain: free text. -->
   </theme>
   <place>
    <!-- Place - geographic locations characterized by the data set. Type: compound. -->
    <placekt>None</placekt>
    <!-- Place Keyword Thesaurus. Type: text. Domain: "None" free text. -->
    <placekey>Missouri</placekey>
    <placekey>Phelps County</placekey>
    <placekey>Dent County</placekey>
    <!-- Place Keyword - the geographic name of a location(s) covered by a data set. Type: text Domain: free text. -->
   </place>
  </keywords>
  <accconst>No restrictions apply to these data.</accconst>
  <!-- Access Constraints - restrictions and legal prerequisites for accessing the data set. Type: text. Domain: "None" free text. -->
  <useconst>None. However, users should be aware that temporal changes may have occurred since this dataset was collected and that some parts of these data may no longer represent actual surface conditions. Users should not use these data for critical applications without a full awareness of its limitations. Acknowledgement of the U.S. Geological Survey would be appreciated for products derived from these data.</useconst>
  <!-- Use Constraints - restrictions and legal prerequisites for using the data set after access is granted. Type: text. Domain: "None" free text. -->
 </idinfo>
 <dataqual>
  <!-- Data Quality Information. Type: compound. -->
  <logic>Data covers the entire area specified for this project.</logic>
  <!-- Logical Consistency Report - an explanation of the fidelity of relationships in the data set and tests used. Type: text. Domain: free text. -->
  <complete>Datasets contain complete coverage of tiles. No points have been removed or excluded. A visual qualitative assessment was performed to ensure data completeness. There are no void areas or missing data. The raw point cloud is of good quality and data passes Non-Vegetated Vertical Accuracy specifications.</complete>
  <!-- Completeness Report - information about omissions, selection criteria, generalization, definitions used, and other rules used to derive the data set. Type: text. Domain: free text. -->
  <posacc>
   <!-- Positional Accuracy - an assessment of the accuracy of the positions of spatial objects. Type: compound. -->
   <vertacc>
    <!-- Vertical Positional Accuracy - an estimate of accuracy of the vertical positions in the data set. Type: compound. -->
    <vertaccr>The project specifications require the accuracy (ACCz) of the derived DEM be calculated and reported in two ways: 1. The required NVA is: 19.6 cm at a 95% confidence level, derived according to NSSDA, i.e., based on RMSE of 10 cm in the “bare earth” and "urban" land cover classes. This is a required accuracy. The NVA was tested with 67 checkpoints located in bare earth and urban (non-vegetated) areas. 2. Vegetated Vertical Accuracy (VVA): VVA shall be reported for "brushlands/low trees" and "tall weeds/crops" land cover classes. The target VVA is: 29.4 cm at the 95th percentile, derived according to ASPRS Guidelines, Vertical Accuracy Reporting for Lidar Data, i.e., based on the 95th percentile error in all vegetated land cover classes combined. This is a target accuracy. The VVA was tested with 53 checkpoints located in tall weeds/crops and brushlands/low trees (vegetated) areas. The checkpoints were distributed throughout the project area and were surveyed using GPS techniques. See survey report for additional survey methodologies. AccuracyZ has been tested to meet 19.6 cm or better Non-Vegetated Vertical Accuracy at 95% confidence level using RMSE(z) x 1.9600 as defined by the National Standards for Spatial Data Accuracy (NSSDA); assessed and reported using National Digital Elevation Program (NDEP)/ASRPS Guidelines.</vertaccr>
    <!-- Vertical Positional Accuracy Report - an explanation of the accuracy of the vertical coordinate measurements and a description of the tests used. Type: text. Domain: free text. -->
    <qvertpa>
    	<vertaccv>0.064</vertaccv>
    	<vertacce>Tested 0.064 meters NVA at a 95% confidence level using RMSE(z) x 1.9600 as defined by the National Standards for Spatial Data Accuracy (NSSDA). The NVA of the DEM was calculated using 67 independent checkpoints located in the Bare Earth and Urban land cover categories.</vertacce>
    </qvertpa>
    <qvertpa>
    	<vertaccv>0.146</vertaccv>
    	<vertacce>Tested 0.146 meters VVA was calculated using 53 checkpoints located in the Brushlands and Low Trees and Tall Weeds and Crops land cover categories at the 95th percentile, derived according to ASPRS Guidelines, Vertical Accuracy Reporting for Lidar Data. Tested against the DEM.</vertacce>
    </qvertpa>
   </vertacc>
  </posacc>
  <lineage>
   <!-- Lineage - information about the events, parameters, and source data which constructed the data set, and information about the responsible parties. Type: compound. -->
      <procstep>
        <!-- Process Step - information about a single processing step. Type: compound. -->
        <procdesc>Hydro Flattened Raster DEM Process:  Class 2 (ground) lidar points in conjunction with the hydro breaklines were used to create a 1 meter hydro-flattened Raster DEM. Using automated scripting routines within ArcMap, an ERDAS Imagine IMG file was created for each tile. Each surface is reviewed using Global Mapper to check for any surface anomalies or incorrect elevations found within the surface.</procdesc>
        <!-- Process Description - an explanation of the the processing step and parameters used. Include Flight, Imagery development, Analysis. Type: text. Domain: free text-->
        <procdate>20150317</procdate>
        <!-- Process Date - the date when the processing step was completed. The field MUST be formatted YYYYMMDD. Type: text. Domain: "Unknown" "Not complete" free date. -->
      </procstep>
  </lineage>
 </dataqual>
 <spdoinfo>
  <!-- Spatial Data Organization Information. Type: compound. -->
  <direct>Raster</direct>
  <!-- Direct Spatial Reference Method - the system of objects used to represent space in the data set. Type: text. Domain:  "Raster" -->
  <rastinfo>
   <!-- Raster Object Information. Type: compound. -->
   <rasttype>Pixel</rasttype>
   <!-- Raster Object Type "Pixel" -->
   <rowcount>1500</rowcount>
   <!-- Row Count - the maximum number of pixels along the "y" axis. Type: Integer. Domain: Row Count > 0 -->
   <colcount>1500</colcount>
   <!-- Column Count - the maximum number of pixels along the "x" axis. Type: Integer. Domain: Column Count > 0 -->
  </rastinfo>
 </spdoinfo>
 <spref>
  <!-- Spatial Reference Information. Type: compound. -->
  <horizsys>
   <!-- Horizontal Coordinate System Definition. Type: compound. -->
   <planar>
    <!-- Planar. Type: compound. -->
    <gridsys>
	<!-- Grid Coordinate System - this section should be filled out with the relevant parameters for the coordinate reference system for the data. Typically it is UTM or State Plane Zone. -->
     <gridsysn>Universal Transverse Mercator</gridsysn>
     <!-- Grid Coordinate System Name - name of the grid coordinate system. Type: text. Domain: "Universal Transverse Mercator" "Universal Polar Stereographic" "State Plane Coordinate System 1927" "State Plane Coordinate System 1983" "ARC Coordinate System" "other grid system" -->
     <utm>
      <!-- Universal Transverse Mercator (UTM) - a grid system based on the transverse mercator projection, applied between latitudes 84 degrees north and 80 degrees south on the Earth's surface. Type: compound. -->
      <utmzone>15</utmzone>
      <!-- UTM Zone Number - identifier for the UTM zone. Type: integer. Domain: 1 <= UTM Zone <= 60 for the northern hemisphere; -60 <= UTM Zone Number <= -1 for the southern hemisphere. -->
      <transmer>
       <!-- Transverse Mercator - contains parameters for the Transverse Mercator projection. Type: compound. -->
       <sfctrmer>0.9996</sfctrmer>
       <!-- Scale Factor at Central Meridian - a multiplier for reducing a distance obtained from a map by computation or scaling to the actual distance along the central meridian. Type: real. Domain: Scale Factor at Central Meridian > 0.0 -->
       <longcm>-117.000000</longcm>
       <!-- Longitude of Central Meridian - the line of longitude at the center of a map projection generally used as the basis for contructing the projection. Type: real. Domain: -180.0 <= Longitude of Central Meridian < 180.0 -->
       <latprjo>0.0</latprjo>
       <!-- Latitude of Projection Origin - latitude chosen as the origin of rectangular coordinates for a map projection. Type: real. Domain: -90.0 <= Latitude of Projection Origin <= 90.0 -->
       <feast>500000</feast>
       <!-- False Easting - the value added to all "x" values in the rectangular coordinates for a map projection. This value frequently is assigned to eliminate negative numbers. Expressed in the unit of measure identified in Planar Coordinate Units. Type: real. Domain: free real. -->
       <fnorth>0.0</fnorth>
       <!-- False Northing - the value added to all "y" values in the rectangular coordinates for a map projection. This value frequently is assigned to eliminate negative numbers. Expressed in the unit of measure identified in Planar Coordinate Units. Type: real. Domain: free real. -->
      </transmer>
     </utm>
    </gridsys>
    <planci>
     <!-- Planar Coordinate Information. Type: compound. -->
     <plance>row and column</plance>
     <!-- Planar Coordinate Encoding Method - the means used to represent horizontal positions. Type: text. Domain: "row and column" -->
     <coordrep>
      <!-- Coordinate Representation - the method of encoding the position of a point by measuring its distance from perpendicular reference axes ("row and column" method). Type: compound. -->
      <absres>1</absres>
      <!-- Abscissa Resolution - the (nominal) minimum distance between the "x" or column values of two adjacent points, expressed in Planar Distance Units of measure. Type: real. Domain: Abscissa Resolution > 0.0 -->
      <ordres>1</ordres>
      <!-- Ordinate Resolution - the (nominal) minimum distance between the "y" or row values of two adjacent points, expressed in Planar Distance Units of measure. Type: real. Domain: Ordinate Resolution > 0.0 -->
     </coordrep>
     <plandu>meters</plandu>
     <!-- Planar Distance Units - units of measure used for distances. Type: text. Domain: "meters" "international feet" "US survey feet" free text. -->
    </planci>
   </planar>
   <geodetic>
    <!-- Geodetic Model - parameters for the shape of the earth. Type: compound. -->
    <horizdn>North American Datum of 1983</horizdn>
    <!-- Horizontal Datum Name - the identification given to the reference system used for defining the coordinates of points. Type: text. Domain: "North American Datum of 1927" "North American Datum of 1983" free text. -->
    <ellips>Geodetic Reference System 80</ellips>
    <!-- Ellipsoid Name - identification given to established representations of the Earth's shape. Type: text. Domain: "Clarke 1866" "Geodetic Reference System 80" free text. -->
    <semiaxis>6378137</semiaxis>
    <!-- Semi-major Axis - radius of the equatorial axis of the ellipsoid. Type: real. Domain: Semi-major Axis > 0.0 -->
    <denflat>298.257222101</denflat>
    <!-- Denominator of Flattening Ratio - the denominator of the ratio of the difference between the equatorial and polar radii of the ellipsoid when the numerator is set to 1. Type: real. Domain: Denominator of Flattening > 0.0 -->
   </geodetic>
  </horizsys>
  <vertdef>
   <!-- Vertical Coordinate System Definition - the reference frame or system from which vertical distances (altitudes or depths) are measured. Type: compound. -->
   <altsys>
    <!-- Altitude System Definition - the reference frame or system from which altitudes (elevations) are measured. Type: compound. -->
    <altdatum>North American Vertical Datum of 1988</altdatum>
    <!-- Altitude Datum Name. Type: text. Domain: "National Geodetic Vertical Datum of 1929" "North American Vertical Datum of 1988" free text. -->
	<altres>0.01</altres>
	<!-- Altitude Resolution - the minimum distance possible between two adjacent altitude values, expressed in Altitude Distance Units of measure. Type: real. Domain: Altitude Resolution > 0.0 -->
	<altunits>meters</altunits>
	<!-- Altitude Distance Units - units in which altitudes (elevations) are recorded.  Type: text.  Domain: "meters" "international feet" "US survey feet" free text. -->
	<altenc>Explicit elevation coordinate included with horizontal coordinates</altenc>
	<!-- Altitude Encoding Method - the means used to encode the altitudes. Type: text. Domain: "Explicit elevation coordinate included with horizontal coordinates" "Implicit coordinate" "Attribute values" -->
	</altsys>
  </vertdef>
 </spref>
 <metainfo>
  <!-- Metadata Reference Information - information on the currentness of the metadata information, and the responsible party. Type: compound. -->
  <metd>20150528</metd>
  <!-- Metadata Date - the date that the metadata were created or last updated. Type: date. Domain: free date. -->
  <metc>
   <!-- Metadata Contact - the party responsible for the metadata information. Type: compound. -->
   <cntinfo>
    <!-- Contact Information - Identity of, and means to communicate with, person(s) and organization(s) associated with the data set.Type: compound. -->
    <cntorgp>
     <!-- Contact Organization Primary - the organization, and the member of the organization, associated with the data set. Type: compound. -->
     <cntorg>F.L.W. Mapping, Inc.</cntorg>
     <!-- Contact Organization - the name of the organization. Type: text. Domain: free text. -->
    </cntorgp>
    <cntaddr>
     <!-- Contact Address - the address for the organization or individual. Type: compound. -->
     <addrtype>mailing and physical</addrtype>
     <!-- Address Type. Type: text. Domain: "mailing" "physical" "mailing and physical", free text. -->
     <address>123 Main St.</address>
     <!-- Address - an address line for the address. Type: text. Domain: free text. -->
     <city>Rolla</city>
     <!-- City - the city of the address. Type: text. Domain: free text. -->
     <state>MO</state>
     <!-- State or Province - the state or province of the address. Type: text. Domain: free text. -->
     <postal>65401</postal>
     <!-- Postal Code - the ZIP or other postal code of the address. Type: text. Domain: free text. -->
     <country>USA</country>
     <!-- Country - the country of the address. Type: text. Domain: free text. -->
    </cntaddr>
    <cntvoice>(573)555-1234</cntvoice>
    <!-- Contact Voice Telephone - the telephone number by which individuals can speak to the organization or individual. Type: text. Domain: free text. -->
   </cntinfo>
  </metc>
  <metstdn>FGDC Content Standard for Digital Geospatial Metadata</metstdn>
  <!-- Metadata Standard Name - the name of the metadata standard used to document the data set. Type: text. Domain: "FGDC Content Standard for Digital Geospatial Metadata" free text. -->
  <metstdv>FGDC-STD-001-1998</metstdv>
  <!-- Metadata Standard Version - identification of the version of the metadata standard used to document the data set. Type: text. Domain: free text. -->
 </metainfo>
</metadata>