<?xml version="1.0" encoding="UTF-8"?>
<!DOCTYPE metadata SYSTEM "http://thor-f5.er.usgs.gov/ngtoc/metadata/fgdc-std-001-1998.dtd">
<metadata>
 <idinfo>
 <!-- Identification Information - basic information about the data set. Type: compound. -->
  <citation>
   <!-- Citation - information to be used to reference the data set. Type: compound. -->
   <citeinfo>
    <!-- Citation Information - the recommended reference to be used for the data set. -->
    <origin></origin>
    <!-- Originator - the name of an organization or individual that developed the data set. Type: text. Domain: "Unknown" free text. -->
    <pubdate></pubdate>
    <!-- Publication Date - the date when the data set is published or otherwise made available for release. Type: date.  Domain: "Unknown" "Unpublished material" free date. -->
    <title></title>
    <!-- Title - the name by which the data set is known. Type: text. Domain: free text. -->
    <geoform></geoform>
    <!-- Geospatial Data Presentation Form. Type: text. Domain: "raster digital data" free text. -->
</citeinfo>
  </citation>
  <descript>
   <!-- Description - a characterization of the data set, including its intended use and limitations. Type: compound. -->
   <abstract></abstract>
   <!-- Abstract - a brief narrative descriptive summary of the data set. Type: text. Domain: free text. -->
   <purpose></purpose>
   <!-- Purpose - a summary of the intentions with which the data set was developed. Type: text. Domain: free text. -->
   <supplinf>
    Raster File Type = 
  	Bit Depth/Pixel Type = 
  	Raster Cell Size = 
  	Intensity Values Normalized To = 
    <!-- Supplemental Information - other descriptive information about the data set. Type: text. Domain: free text. 
    Raster File Type = "IMG" "GRID" "TIFF"
    Bit Depth/Pixel Type = "32-bit float" "64 bit" "8 bit"
    Raster Cell Size. (Express the number as "0.5", "1.0", "2.0", "2.5", etc.) = "Meters" "United States Survey Feet" "International Feet" 
    Intensity Values Normalized To = "16 BIT", "32 BIT" (Range to which intensity values are normalized.) -->
   </supplinf>
  </descript>
  <timeperd>
   <!-- Time Period of Content. Type: compound. -->
   <timeinfo>
    <!-- Time Period Information - information about the date and time of an event. Type: compound. -->
    <rngdates>
     <!-- Range of Dates/Times. Type: compound. -->
     <begdate></begdate>
     <!-- Beginning Date - the first year (and optionally month, or month and day) of the collection. Date should be formatted YYYYMMDD. Type: date. Domain: "Unknown" free date. -->
     <enddate></enddate>
     <!-- Ending Date - the last year (and optionally month, or month and day) for the collection. Date should be formatted YYYYMMDD. Type: date. Domain: "Unknown" free date. -->
    </rngdates>
   </timeinfo>
   <current></current>
   <!-- Currentness Reference. Type: text. Domain: "ground condition"  free text. -->
  </timeperd>
  <status>
   <!-- Status - the state of the maintenance information for the data set. Type: compound. -->
   <progress></progress>
   <!-- Progress - the state of the data set. Type: compound. Domain: "Complete" "In Work" "Planned" -->
   <update></update>
   <!-- Maintenance and Update Frequency - the frequency with which changes and additions are made to the data set after the initial data set is completed. Type: text. Domain: "Unknown" "As needed" "None planned" free text. -->
  </status>
  <spdom>
   <!-- Spatial Domain - the geographic areal domain of the data set. Type: compound. -->
   <bounding>
    <!-- Bounding Coordinates - the limits of coverage of a data set expressed by latitude and longitude values in the order western-most, eastern-most, northern-most, and southern-most. Type: compound. -->
    <westbc></westbc>
    <!-- West Bounding Coordinate - western-most coordinate of the limit of coverage expressed in longitude. Type: real. Domain: -180.0 <= West Bounding Coordinate < 180.0 -->
    <eastbc></eastbc>
    <!-- East Bounding Coordinate - eastern-most coordinate of the limit of coverage expressed in longitude. Type: real. Domain: -180.0 <= East Bounding Coordinate <= 180.0 -->
    <northbc></northbc>
    <!-- North Bounding Coordinate - northern-most coordinate of the limit of coverage expressed in latitude. Type: real. Domain: -90.0 <= North Bounding Coordinate <= 90.0 -->
    <southbc></southbc>
    <!-- South Bounding Coordinate - southern-most coordinate of the limit of coverage expressed in latitude. Type: real. Domain: -90.0 <= South Bounding Coordinate <= 90.0 -->
   </bounding>
   <lbounding>
   	<leftbc></leftbc>
   	<!-- Left (western-most) Bounding Coordinate for coverage of the dataset expressed in the Coordinate Reference System in which the data are delivered. -->
   	<rightbc></rightbc>
   	<!-- Right (eastern-most) Bounding Coordinate for coverage of the dataset expressed in the Coordinate Reference System in which the data are delivered. -->
   	<topbc></topbc>
   	<!-- Top (northern-most) Bounding Coordinate for coverage of the dataset expressed in the Coordinate Reference System in which the data are delivered. -->
   	<bottombc></bottombc>
   	<!-- Bottom (southern-most) Bounding Coordinate for coverage of the dataset expressed in the Coordinate Reference System in which the data are delivered. -->
   </lbounding>
  </spdom>
  <keywords>
   <!-- Keywords - words or phrases summarizing an aspect of the data set. Type: compound. -->
   <theme>
    <!-- Theme - subjects covered by the data set. Type: compound. -->
    <themekt></themekt>
    <!-- Theme Keyword Thesaurus. Type: text. Domain: "None" free text. -->
    <themekey></themekey>
    <themekey></themekey>
    <themekey></themekey>
            <!-- Theme Keyword - common-use word or phrase used to describe the subject of the data set. Type: text. Domain: free text. -->
   </theme>
   <place>
    <!-- Place - geographic locations characterized by the data set. Type: compound. -->
    <placekt></placekt>
    <!-- Place Keyword Thesaurus. Type: text. Domain: "None" free text. -->
    <placekey></placekey>
    <placekey></placekey>
    <placekey></placekey>
           <!-- Place Keyword - the geographic name of a location(s) covered by a data set. Type: text. Domain: free text. -->
   </place>
  </keywords>
  <accconst></accconst>
  <!-- Access Constraints - restrictions and legal prerequisites for accessing the data set. Type: text. Domain: "None" free text. -->
  <useconst></useconst>
  <!-- Use Constraints - restrictions and legal prerequisites for using the data set after access is granted. Type: text. Domain: "None" free text. -->
 </idinfo>
 <dataqual>
  <!-- Data Quality Information. Type: compound. -->
  <logic></logic>
  <!-- Logical Consistency Report - an explanation of the fidelity of relationships in the data set and tests used. Type: text. Domain: free text. -->
  <complete></complete>
  <!-- Completeness Report - information about omissions, selection criteria, generalization, definitions used, and other rules used to derive the data set. Type: text. Domain: free text. -->
  <lineage>
   <!-- Lineage - information about the events, parameters, and source data which constructed the data set, and information about the responsible parties. Type: compound. -->
      <procstep>
        <!-- Process Step - information about a single processing step. Type: compound. -->
        <procdesc></procdesc>
        <!-- Process Description - an explanation of the the processing step and parameters used. Include Flight, Imagery development, Analysis. Type: text. Domain: free text-->
        <procdate></procdate>
        <!-- Process Date - the date when the processing step was completed. The date should be presented in the format YYYYMMDD. Type: text. Domain: "Unknown" "Not complete" free date. -->
      </procstep>
  </lineage>
 </dataqual>
 <spdoinfo>
  <!-- Spatial Data Organization Information. Type: compound. -->
  <direct></direct>
  <!-- Direct Spatial Reference Method - the system of objects used to represent space in the data set. Type: text. Domain:  "Raster" -->
  <rastinfo>
   <!-- Raster Object Information. Type: compound. -->
   <rasttype></rasttype>
   <!-- Raster Object Type "Pixel" -->
   <rowcount></rowcount>
   <!-- Row Count - the maximum number of pixels along the "y" axis. Type: Integer. Domain: Row Count > 0 -->
   <colcount></colcount>
   <!-- Column Count - the maximum number of pixels along the "x" axis. Type: Integer. Domain: Column Count > 0 -->
  </rastinfo>
 </spdoinfo>
 <spref>
  <!-- Spatial Reference Information. Type: compound. -->
  <horizsys>
   <!-- Horizontal Coordinate System Definition. Type: compound. -->
   <planar>
    <!-- Planar. Type: compound. -->
    <gridsys>
	<!-- Grid Coordinate System - this section should be filled out with the relevant parameters for the coordinate reference system for the data. Typically it is UTM or State Plane Zone. -->
     <gridsysn></gridsysn>
     <!-- Grid Coordinate System Name - name of the grid coordinate system. Type: text. Domain: "Universal Transverse Mercator" "Universal Polar Stereographic" "State Plane Coordinate System 1927" "State Plane Coordinate System 1983" "ARC Coordinate System" "other grid system" -->
     <utm>
      <!-- Universal Transverse Mercator (UTM) - a grid system based on the transverse mercator projection, applied between latitudes 84 degrees north and 80 degrees south on the Earth's surface. Type: compound. -->
      <utmzone></utmzone>
      <!-- UTM Zone Number - identifier for the UTM zone. Type: integer. Domain: 1 <= UTM Zone <= 60 for the northern hemisphere; -60 <= UTM Zone Number <= -1 for the southern hemisphere. -->
      <transmer>
       <!-- Transverse Mercator - contains parameters for the Transverse Mercator projection. Type: compound. -->
       <sfctrmer></sfctrmer>
       <!-- Scale Factor at Central Meridian - a multiplier for reducing a distance obtained from a map by computation or scaling to the actual distance along the central meridian. Type: real. Domain: Scale Factor at Central Meridian > 0.0 -->
       <longcm></longcm>
       <!-- Longitude of Central Meridian - the line of longitude at the center of a map projection generally used as the basis for contructing the projection. Type: real. Domain: -180.0 <= Longitude of Central Meridian < 180.0 -->
       <latprjo></latprjo>
       <!-- Latitude of Projection Origin - latitude chosen as the origin of rectangular coordinates for a map projection. Type: real. Domain: -90.0 <= Latitude of Projection Origin <= 90.0 -->
       <feast></feast>
       <!-- False Easting - the value added to all "x" values in the rectangular coordinates for a map projection. This value frequently is assigned to eliminate negative numbers. Expressed in the unit of measure identified in Planar Coordinate Units. Type: real. Domain: free real -->
       <fnorth></fnorth>
       <!-- False Northing - the value added to all "y" values in the rectangular coordinates for a map projection. This value frequently is assigned to eliminate negative numbers. Expressed in the unit of measure identified in Planar Coordinate Units. Type: real. Domain: free real -->
      </transmer>
     </utm>
    </gridsys>
    <planci>
     <!-- Planar Coordinate Information. Type: compound. -->
     <plance></plance>
     <!-- Planar Coordinate Encoding Method - the means used to represent horizontal positions. Type: text. Domain: "row and column" -->
     <coordrep>
      <!-- Coordinate Representation - the method of encoding the position of a point by measuring its distance from perpendicular reference axes (the "row and column" method). Type: compound. -->
      <absres></absres>
      <!-- Abscissa Resolution - the (nominal) minimum distance between the "x" or column values of two adjacent points, expressed in Planar Distance Units of measure. Type: real. Domain: Abscissa Resolution > 0.0 -->
      <ordres></ordres>
      <!-- Ordinate Resolution - the (nominal) minimum distance between the "y" or row values of two adjacent points, expressed in Planar Distance Units of measure. Type: real. Domain: Ordinate Resolution > 0.0 -->
     </coordrep>
     <plandu></plandu>
     <!-- Planar Distance Units - units of measure used for distances. Type: text. Domain: "meters" "international feet" "US survey feet" free text. -->
    </planci>
   </planar>
   <geodetic>
    <!-- Geodetic Model - parameters for the shape of the earth. Type: compound. -->
    <horizdn></horizdn>
    <!-- Horizontal Datum Name - the identification given to the reference system used for defining the coordinates of points. Type: text. Domain: "North American Datum of 1927" "North American Datum of 1983" free text. -->
    <ellips></ellips>
    <!-- Ellipsoid Name - identification given to established representations of the Earth's shape. Type: text. Domain: "Clarke 1866" "Geodetic Reference System 80" free text. -->
    <semiaxis></semiaxis>
    <!-- Semi-major Axis - radius of the equatorial axis of the ellipsoid. Type: real. Domain: Semi-major Axis > 0.0 -->
    <denflat></denflat>
    <!-- Denominator of Flattening Ratio - the denominator of the ratio of the difference between the equatorial and polar radii of the ellipsoid when the numerator is set to 1. Type: real. Domain: Denominator of Flattening > 0.0 -->
   </geodetic>
  </horizsys>
 </spref>
 <metainfo>
  <!-- Metadata Reference Information - information on the currentness of the metadata information, and the responsible party. Type: compound. -->
  <metd></metd>
  <!-- Metadata Date - the date that the metadata were created or last updated. Type: date. Domain: free date -->
  <metc>
   <!-- Metadata Contact - the party responsible for the metadata information. Type: compound. -->
   <cntinfo>
    <!-- Contact Information - Identity of, and means to communicate with, person(s) and organization(s) associated with the data set. Type: compound. -->
    <cntorgp>
     <!-- Contact Organization Primary - the organization, and the member of the organization, associated with the data set. Type: compound. -->
     <cntorg></cntorg>
     <!-- Contact Organization - the name of the organization. Type: text. Domain: free text. -->
    </cntorgp>
    <cntaddr>
     <!-- Contact Address - the address for the organization or individual. Type: compound. -->
     <addrtype></addrtype>
     <!-- Address Type. Type: text. Domain: "mailing" "physical" "mailing and physical", free text. -->
     <address></address>
     <!-- Address - an address line for the address. Type: text. Domain: free text. -->
     <city></city>
     <!-- City - the city of the address. Type: text. Domain: free text. -->
     <state></state>
     <!-- State or Province - the state or province of the address. Type: text. Domain: free text. -->
     <postal></postal>
     <!-- Postal Code - the ZIP or other postal code of the address. Type: text. Domain: free text. -->
     <country></country>
     <!-- Country - the country of the address. Type: text. Domain: free text. -->
    </cntaddr>
    <cntvoice></cntvoice>
    <!-- Contact Voice Telephone - the telephone number by which individuals can speak to the organization or individual. Type: text. Domain: free text. -->
   </cntinfo>
  </metc>
  <metstdn></metstdn>
  <!-- Metadata Standard Name - the name of the metadata standard used to document the data set. Type: text. Domain: "FGDC Content Standard for Digital Geospatial Metadata" free text. -->
  <metstdv></metstdv>
  <!-- Metadata Standard Version - identification of the version of the metadata standard used to document the data set. Type: text. Domain: free text. -->
 </metainfo>
</metadata>