<?xml version="1.0" encoding="UTF-8"?>
<!DOCTYPE metadata SYSTEM "http://thor-f5.er.usgs.gov/ngtoc/metadata/fgdc-std-001-1998.dtd">
<metadata>
  <idinfo>
    <!-- Identification Information - basic information about the data set. Type: compound. -->
    <citation>
      <!-- Citation - information to be used to reference the data set. Type: compound. -->
      <citeinfo>
        <!-- Citation Information - the recommended reference to be used for the data set. -->
        <origin>F.L.W. Mapping, Inc.</origin>
        <!-- Originator - the name of an organization or individual that developed the data set. Type: text. Domain: "Unknown" free text. -->
        <pubdate>20150415</pubdate>
        <!-- Publication Date - the date when the data set is published or otherwise made available for release. Type: date. Domain: "Unknown" "Unpublished material" free date. -->
        <title>Phelps and Dent Counties, Missouri Lidar; Swath point cloud</title>
        <!-- Title - the name by which the data set is known. Type: text. Domain: free text. -->
        <geoform>Lidar point cloud</geoform>
        <!-- Geospatial Data Presentation Form. Type: text. Domain: "Lidar point cloud" free text. -->
      </citeinfo>
    </citation>
    <descript>
      <!-- Description - a characterization of the data set, including its intended use and limitations. Type: compound. -->
      <abstract>Product: These lidar data are unclassified swath LAS 1.2 files, used to create Classified LAS 1.2 files and subsequent data.
      	Geographic Extent: Phelps and Dent county, Missouri, covering approximately 1,500 square miles. 
      	Dataset Description: Phelps and Dent county, Missouri 2014 Lidar project called for the Planning, Acquisition, processing and derivative products of lidar data to be collected at a nominal pulse spacing (NPS) of 0.7 meter. Project specifications are based on the U.S. Geological Survey National Geospatial Program Base Lidar Specification, Version 1.2. The data was developed based on a horizontal projection/datum of NAD83, Universal Transverse Mercator, meters and vertical datum of NAVD88 (GEOID12A), meters. Lidar data was delivered as flightline-extent unclassified LAS swaths, as processed Classified LAS 1.4 files, formatted to 1565 individual 1500 m x 1500 m tiles, as tiled Intensity Imagery, and as tiled bare earth DEMs; all tiled to the same 1500 m x 1500 m schema. 
      	Ground Conditions: Lidar was collected in late 2014 and early 2015, while no snow was on the ground and rivers were at or below normal levels. In order to post process the lidar data to meet task order specifications and meet ASPRS vertical accuracy guidelines, F.L.W. Mapping, Inc. established a total of 50 ground control points that were used to calibrate the lidar to known ground locations established throughout the Phelps and Dent county, Missouri project area. An additional 120 independent accuracy checkpoints, 67 in Bare Earth and Urban landcovers (67 NVA points), 53 in Tall Grass and Brushland/Low Trees categories (53 VVA points), were used to assess the vertical accuracy of the data. These checkpoints were not used to calibrate or post process the data.</abstract>
      <!-- Abstract - a brief narrative descriptive summary of the data set. Type: text. Domain: free text. -->
      <purpose>To acquire detailed surface elevation data for use in conservation planning, design, research, floodplain mapping, dam safety assessments and elevation modeling, etc. Classified LAS files are used to show the manually reviewed bare earth surface. This allows the user to create Intensity Images, Breaklines and Raster DEM. The purpose of these lidar data was to produce high accuracy 3D hydro-flattened Digital Elevation Model (DEM) with a 1 meter cell size. These raw lidar point cloud data were used to create classified lidar LAS files, intensity images, 3D breaklines, hydro-flattened DEMs as necessary.</purpose>
      <!-- Purpose - a summary of the intentions with which the data set was developed. Type: text. Domain: free text. -->
      <supplinf>USGS Contract No. G10PC01234 CONTRACTOR: F.L.W. Mapping, Inc. SUBCONTRACTOR: Aerial Scanning Services, LLC Lidar data were acquired and calibrated by Aerial Scanning Services. All follow-on processing was completed by the prime contractor. 
        <!-- Supplemental Information - other descriptive information about the data set. Type: text. Domain: free text. -->
      </supplinf>
      <lidar>
        <!-- For Classified Point Cloud and Swath metadata files. -->
        <ldrinfo>
          <!-- Lidar Information - contains metadata about the sensor and collection conditions. -->
          <ldrspec>USGS-NGP Base Lidar Specification v1.2</ldrspec>
          <!-- Lidar Base Specification applicable to the point cloud. -->
          <ldrsens>Optech Orion H300</ldrsens>
          <!-- Lidar Sensor make and model. -->
          <ldrmaxnr>4</ldrmaxnr>
          <!-- Lidar Maximum Number of Returns per pulse. -->
          <ldrnps>0.69</ldrnps>
          <!-- Lidar Nominal Pulse Spacing, in meters. -->
          <ldrdens>2.10</ldrdens>
          <!-- Lidar Nominal Pulse Density, in points per square meter. -->
          <ldranps>0.69</ldranps>
          <!-- Lidar Aggregate Nominal Pulse Spacing, in meters. -->
          <ldradens>2.10</ldradens>
          <!-- Lidar Aggregate Nominal Pulse Density, in points per square meter. -->
          <ldrfltht>975</ldrfltht>
          <!-- Lidar Flight Height for the collection, in meters. -->
          <ldrfltsp>115</ldrfltsp>
          <!-- Lidar Nominal Flight Speed for the collection, in knots. -->
          <ldrscana>30</ldrscana>
          <!-- Lidar Sensor Scan Angle, total, in degrees. -->
          <ldrscanr>42.5</ldrscanr>
          <!-- Lidar Scan Frequency of the scanner, in hertz. -->
          <ldrpulsr>75</ldrpulsr>
          <!-- Lidar Pulse Rate of the scanner, in kilohertz. -->
          <ldrpulsd>4</ldrpulsd>
          <!-- Lidar Pulse Duration of the scanner, in nanoseconds. -->
          <ldrpulsw>0.41</ldrpulsw>
          <!-- Lidar Pulse Width of the scanner, in meters. -->
          <ldrwavel>1064</ldrwavel>
          <!-- Lidar Central Wavelength of the sensor laser, in nanometers. -->
          <ldrmpia>0</ldrmpia>
          <!-- Lidar Multiple Pulses In Air, 0 = No; 1 = Yes -->
          <ldrbmdiv>0.25</ldrbmdiv>
          <!-- Lidar Beam Divergence, in Milliradians. -->
          <ldrswatw>523</ldrswatw>
          <!-- Lidar Swath Width on the ground, in meters. -->
          <ldrswato>25</ldrswato>
          <!-- Lidar Nominal Swath Overlap, as a percentage. -->
          <ldrgeoid>National Geodetic Survey (NGS) Geoid12A</ldrgeoid>
          <!-- Geoid used for vertical reference. -->
        </ldrinfo>
        <ldrinfo>
         <!-- Lidar Information - contains metadata about the sensor and collection conditions. When multiple instruments are used (e.g. two different instruments in a single plane), please use multiple <ldrinfo> tags to describe each individual instrument. -->
          <ldrspec>USGS-NGP Base Lidar Specification v1.2</ldrspec>
          <!-- Lidar Base Specification applicable to the point cloud. -->
          <ldrsens>Optech Galaxy T1000</ldrsens>
          <!-- Lidar Sensor make and model. -->
          <ldrmaxnr>8</ldrmaxnr>
          <!-- Lidar Maximum Number of Returns per pulse. -->
          <ldrnps>0.69</ldrnps>
          <!-- Lidar Nominal Pulse Spacing, in meters. -->
          <ldrdens>2.0</ldrdens>
          <!-- Lidar Nominal Pulse Density, in points per square meter. -->
          <ldranps>0.69</ldranps>
          <!-- Lidar Aggregate Nominal Pulse Spacing, in meters. -->         
          <ldradens>2.0</ldradens>
          <!-- Lidar Aggregate Nominal Pulse Density, in points per square meter. -->
          <ldrfltht>975</ldrfltht>
          <!-- Lidar Flight Height for the collection, in meters. -->
          <ldrfltsp>115</ldrfltsp>
          <!-- Lidar Nominal Flight Speed for the collection, in knots. -->
          <ldrscana>35</ldrscana>
          <!-- Lidar Sensor Scan Angle, total, in degrees. -->
          <ldrscanr>51.5</ldrscanr>
          <!-- Lidar Scan Frequency of the scanner, in hertz. -->
          <ldrpulsr>300</ldrpulsr>
          <!-- Lidar Pulse Rate of the scanner, in kilohertz. -->
          <ldrpulsd>4</ldrpulsd>
          <!-- Lidar Pulse Duration of the scanner, in nanoseconds. -->
          <ldrpulsw>1.05</ldrpulsw>
          <!-- Lidar Pulse Width of the scanner, in meters. -->
          <ldrwavel>1064</ldrwavel>
          <!-- Lidar Central Wavelength of the sensor laser, in nanometers. -->
          <ldrmpia>1</ldrmpia>
          <!-- Lidar Multiple Pulses In Air, 0 = No; 1 = Yes -->
          <ldrbmdiv>0.25</ldrbmdiv>
          <!-- Lidar Beam Divergence, in Milliradians. -->
          <ldrswatw>700</ldrswatw>
          <!-- Lidar Swath Width on the ground, in meters. -->
          <ldrswato>20</ldrswato>
          <!-- Lidar Nominal Swath Overlap, as a percentage. -->
          <ldrgeoid>National Geodetic Survey (NGS) Geoid12B</ldrgeoid>
          <!-- Geoid used for vertical reference. -->
        </ldrinfo>
        <ldraccur>
          <!-- Lidar Accuracy. Non-vegetated vertical accuracy values for the swath. ALL VALUES ARE REPORTED IN METERS. -->
          <ldrchacc>0.5</ldrchacc>
          <!-- Lidar Calculated Horizontal Accuracy of the point cloud data. -->
          <rawnva>0.116</rawnva>
          <!-- Raw Non-Vegetated Vertical Accuracy of the raw point cloud data. -->
          <rawnvan>67</rawnvan>
          <!-- Raw Non-Vegetated Vertical Accuracy Number of checkpoints used to calculate the reported non-vegetated vertical accuracy of the raw point cloud data. -->
        </ldraccur>
        <lasinfo>
          <!-- LAS Information. Type: compound. -->
          <lasver>1.4</lasver>
          <!-- LAS Version -->
          <lasprf>6</lasprf>
          <!-- LAS Point Record Format. -->
          <laswheld>Withheld (ignore) points were identified in these files using the standard LAS Withheld bit.</laswheld>
          <!-- Describe how withheld points are identified. -->
          <lasolap>Swath "overage" points were identified in these files using the standard LAS overlap bit.</lasolap>
          <!-- Describe how overage points are identified. -->
          <lasintr>11</lasintr>
          <!-- Specify the native radiometric resolution of intensity values, in Bits. -->
          <lasclass>
            <!-- LAS Classification. Type: compound. -->
            <clascode>0</clascode>
            <!-- Classification Code -->
            <clasitem>Created, never classified</clasitem>
            <!-- Classification Item -->
          </lasclass>
        </lasinfo>
      </lidar>
    </descript>
    <timeperd>
      <!-- Time Period of Content. Type: compound. -->
      <timeinfo>
        <!-- Time Period Information - information about the date and time of an event. Type: compound. -->
        <sngdate>
        	<!-- Single Date/Time - This date is the date of the lidar collection, if the collection was completed in one day. Each lift should have its own metadata file, and generally spans only a single day, hence the single date tag is suggested. -->
        	<caldate>20141027</caldate>
        	<!-- Calendar date for a single date. The field MUST be formatted YYYYMMDD.-->
        </sngdate>
      </timeinfo>
      <current>ground condition</current>
      <!-- Currentness Reference. Type: text. Domain: "ground condition" free text. -->
    </timeperd>
    <status>
      <!-- Status - the state of the maintenance information for the data set. Type: compound. -->
      <progress>Complete</progress>
      <!-- Progress - the state of the data set. Type: text. Domain: "Complete" "In Work" "Planned" free text. -->
      <update>None planned</update>
      <!-- Maintenance and Update Frequency - the frequency with which changes and additions are made to the data set after the initial data set is completed. Type: text. Domain: "Unknown" "As needed" "None planned" free text. -->
    </status>
    <spdom>
      <!-- Spatial Domain - the geographic areal domain of the data set. Type: compound. -->
      <bounding>
        <!-- Bounding Coordinates - the limits of coverage of a data set expressed by latitude and longitude values in the order western-most, eastern-most, northern-most, and southern-most. Type: compound. -->
        <westbc>-91.750000</westbc>
        <!-- West Bounding Coordinate - western-most coordinate of the limit of coverage expressed in longitude. Type: real. Domain: -180.0 <= West Bounding Coordinate < 180.0 -->
        <eastbc>-91.25000</eastbc>
        <!-- East Bounding Coordinate - eastern-most coordinate of the limit of coverage expressed in longitude. Type: real. Domain: -180.0 <= East Bounding Coordinate <= 180.0 -->
        <northbc>38.00000</northbc>
        <!-- North Bounding Coordinate - northern-most coordinate of the limit of coverage expressed in latitude. Type:real. Domain: -90.0 <= North Bounding Coordinate <= 90.0 -->
        <southbc>37.250000</southbc>
        <!-- South Bounding Coordinate - southern-most coordinate of the limit of coverage expressed in latitude. Type: real. Domain: -90.0 <= South Bounding Coordinate <= 90.0 -->
      </bounding>
      <lbounding>
      	<leftbc>584800</leftbc>
      	<!-- Left (western-most) Bounding Coordinate for coverage of the dataset expressed in the Coordinate Reference System in which the data are delivered. -->
      	<rightbc>664800</rightbc>
      	<!-- Right (eastern-most) Bounding Coordinate for coverage of the dataset expressed in the Coordinate Reference System in which the data are delivered. -->
      	<topbc>4225400</topbc>
      	<!-- Top (northern-most) Bounding Coordinate for coverage of the dataset expressed in the Coordinate Reference System in which the data are delivered. -->
      	<bottombc>4141400</bottombc>
      	<!-- Bottom (southern-most) Bounding Coordinate for coverage of the dataset expressed in the Coordinate Reference System in which the data are delivered. -->
      </lbounding>
    </spdom>
    <keywords>
      <!-- Keywords - words or phrases summarizing an aspect of the data set. Type: compound. -->
      <theme>
        <!-- Theme - subjects covered by the data set. Type: compound. -->
        <themekt>none</themekt>
        <!-- Theme Keyword Thesaurus. Type: text. Domain: "None" free text. -->
        <themekey>Model</themekey>
        <themekey>LAS Point Cloud</themekey>
        <themekey>Remote Sensing</themekey>
        <themekey>Elevation Data</themekey>
        <themekey>Lidar</themekey>
        <themekey>Hydrology</themekey>
               <!-- Theme Keyword - common-use word or phrase used to describe the subject of the data set. Type: text. Domain: free text. -->
      </theme>
      <place>
        <!-- Place - geographic locations characterized by the data set. Type: compound. -->
        <placekt>None</placekt>
        <!-- Place Keyword Thesaurus. Type: text. Domain: "None" free text. -->
        <placekey>Missouri</placekey>
        <placekey>Phelps county</placekey>
        <placekey>Dent county</placekey>
               <!-- Place Keyword - the geographic name of a location(s) covered by a data set. Type: text Domain: free text. -->
      </place>
    </keywords>
    <accconst>No restrictions apply to these data.</accconst>
    <!-- Access Constraints - restrictions and legal prerequisites for accessing the data set. Type: text. Domain: "None" free text. -->
    <useconst>None. However, users should be aware that temporal changes may have occurred since this dataset was collected and that some parts of these data may no longer represent actual surface conditions. Users should not use these data for critical applications without a full awareness of its limitations. Acknowledgement of the U.S. Geological Survey would be appreciated for products derived from these data.</useconst>
    <!-- Use Constraints - restrictions and legal prerequisites for using the data set after access is granted. Type: text Domain: "None" free text. -->
  </idinfo>
  <dataqual>
    <!-- Data Quality Information. Type: compound. -->
    <logic>Data covers the entire area specified for this project.</logic>
    <!-- Logical Consistency Report - an explanation of the fidelity of relationships in the data set and tests used. Type: text Domain: free text. -->
  <complete>These raw LAS data files include all data points collected. No points have been removed or excluded. A visual qualitative assessment was performed to ensure data completeness. No void areas or missing data exist. The raw point cloud is of good quality and data passes Non-Vegetated Vertical Accuracy specifications.</complete>
    <!-- Completeness Report - information about omissions, selection criteria, generalization, definitions used, and other rules used to derive the data set. Type: text. Domain: free text. -->
    <posacc>
      <!-- Positional Accuracy - an assessment of the accuracy of the positions of spatial objects. Type: compound. -->
      <vertacc>
        <!-- Vertical Positional Accuracy - an estimate of accuracy of the vertical positions in the data set. Type: compound. -->
        <vertaccr>The project specifications require that only Non-Vegetated Vertical Accuracy (NVA) be computed for raw lidar point cloud swath files. The required accuracy (ACCz) is: 19.6 cm at a 95% confidence level, derived according to NSSDA, i.e., based on RMSE of 10 cm in the “bare earth” and "urban" land cover classes. The NVA was tested with 67 checkpoints located in bare earth and urban (non-vegetated) areas. These check points were not used in the calibration or post processing of the lidar point cloud data. The checkpoints were distributed throughout the project area and were surveyed using GPS techniques. See survey report for additional survey methodologies. Elevations from the unclassified lidar surface were measured for the x,y location of each check point. Elevations interpolated from the lidar surface were then compared to the elevation values of the surveyed control points. AccuracyZ has been tested to meet 19.6 cm or better Non-Vegetated Vertical Accuracy at 95% confidence level using RMSE(z) x 1.9600 as defined by the National Standards for Spatial Data Accuracy (NSSDA); assessed and reported using National Digital Elevation Program (NDEP)/ASRPS Guidelines.</vertaccr>
        <!-- Vertical Positional Accuracy Report - an explanation of the accuracy of the vertical coordinate measurements and a description of the tests used. Type: text. Domain: free text. -->
        <qvertpa>
        	<vertaccv>0.116</vertaccv>
        	<!-- Vertical Positional Accuracy Value - RMSEz x 1.96, reported in meters. -->
        	<vertacce>Tested 0.116 meters NVA at a 95% confidence level using RMSE(z) x 1.9600 as defined by the National Standards for Spatial Data Accuracy (NSSDA). The NVA of the raw lidar point cloud swath files was calculated against TINs derived from the final calibrated and controlled swath data using 67 independent checkpoints located in Bare Earth and Urban land cover classes.</vertacce>
        	<!-- Vertical Positional Accuracy Explanation - free text field for describing vertical accuracy test. Type: text. Domain: free text.-->
        </qvertpa>
      </vertacc>
    </posacc>
    <lineage>
      <!-- Lineage - information about the events, parameters, and source data which constructed the data set, and information about the responsible parties. Type: compound. -->
      <procstep>
        <!-- Process Step - information about a single processing step. Type: compound. -->
        <procdesc>The boresight for each lift was done individually as the solution may change slightly from lift to lift. The following steps describe the Raw Data Processing and Boresight process: 1) Technicians processed the raw data to LAS format flight lines using the final GPS/IMU solution. This LAS data set was used as source data for boresight. 2) Technicians first used F.L.W. Mapping, Inc. proprietary and commercial software to calculate initial boresight adjustment angles based on sample areas selected in the lift. These areas cover calibration flight lines collected in the lift, cross tie and production flight lines. These areas are well distributed in the lift coverage and cover multiple terrain types that are necessary for boresight angle calculation. The technician then analyzed the results and made any necessary additional adjustment until it is acceptable for the selected areas. 3) Once the boresight angle calculation was completed for the selected areas, the adjusted settings were applied to all of the flight lines of the lift and checked for consistency. The technicians utilized commercial and proprietary software packages to analyze how well flight line overlaps match for the entire lift and adjusted as necessary until the results met the project specifications. 4) Once all lifts were completed with individual boresight adjustment, the technicians checked and corrected the vertical misalignment of all flight lines and also the matching between data and ground truth. The relative accuracy was less than or equal to 7 cm RMSEz within individual swaths and less than or equal to 10 cm RMSEz or within swath overlap (between adjacent swaths). 5) The technicians ran a final vertical accuracy check of the boresighted flight lines against the surveyed check points after the z correction to ensure the requirement of NVA = 19.6 cm 95% Confidence Level (Required Accuracy) was met.</procdesc>
        <!-- Process Description - an explanation of the the processing step and parameters used. Include Flight, Imagery development, Analysis. Type: text. Domain: free text-->
        <procdate>20150317</procdate>
        <!-- Process Date - the date when the processing step was completed. The field MUST be formatted YYYYMMDD. Type: text. Domain: "Unknown" "Not complete" free date. -->
      </procstep>
     </lineage>
  </dataqual>
  <spdoinfo>
    <!-- Spatial Data Organization Information. Type: compound. -->
    <direct>Point</direct>
    <!-- Direct Spatial Reference Method - the system of objects used to represent space in the data set. Type: text. Domain: "Point" -->
  </spdoinfo>
  <spref>
    <!-- Spatial Reference Information. Type: compound. -->
    <horizsys>
      <!-- Horizontal Coordinate System Definition. Type: compound. -->
      <planar>
        <!-- Planar. Type: compound. -->
        <gridsys>
          <!-- Grid Coordinate System - this section should be filled out with the relevant parameters for the coordinate reference system for the data. Typically it is UTM or State Plane Zone. -->
          <gridsysn>Universal Transverse Mercator</gridsysn>
          <!-- Grid Coordinate System Name - name of the grid coordinate system. Type: text. Domain: "Universal Transverse Mercator" "Universal Polar Stereographic" "State Plane Coordinate System 1927" "State Plane Coordinate System 1983" "ARC Coordinate System" "other grid system" -->
          <utm>
            <!-- Universal Transverse Mercator (UTM) - a grid system based on the transverse mercator projection, applied between latitudes 84 degrees north and 80 degrees south on the Earth's surface. Type: compound. -->
            <utmzone>15</utmzone>
            <!-- UTM Zone Number - identifier for the UTM zone. Type: integer. Domain: 1 <= UTM Zone <= 60 for the northern hemisphere; -60 <= UTM Zone Number <= -1 for the southern hemisphere. -->
            <transmer>
              <!-- Transverse Mercator - contains parameters for the Transverse Mercator projection. Type: compound. -->
              <sfctrmer>0.9996</sfctrmer>
              <!-- Scale Factor at Central Meridian - a multiplier for reducing a distance obtained from a map by computation or scaling to the actual distance along the central meridian. Type: real. Domain: Scale Factor at Central Meridian > 0.0 -->
              <longcm>-117.000000</longcm>
              <!-- Longitude of Central Meridian - the line of longitude at the center of a map projection generally used as the basis for contructing the projection. Type: real. Domain: -180.0 <= Longitude of Central Meridian < 180.0 -->
              <latprjo>0.0</latprjo>
              <!-- Latitude of Projection Origin - latitude chosen as the origin of rectangular coordinates for a map projection. Type: real. Domain: -90.0 <= Latitude of Projection Origin <= 90.0 -->
              <feast>500000</feast>
              <!-- False Easting - the value added to all "x" values in the rectangular coordinates for a map projection. This value frequently is assigned to eliminate negative numbers. Expressed in the unit of measure identified in Planar Coordinate Units. Type: real. Domain: free real. -->
              <fnorth>0.0</fnorth>
              <!-- False Northing - the value added to all "y" values in the rectangular coordinates for a map projection. This value frequently is assigned to eliminate negative numbers. Expressed in the unit of measure identified in Planar Coordinate Units. Type: real. Domain: free real. -->
            </transmer>
          </utm>
        </gridsys>
        <planci>
          <!-- Planar Coordinate Information. Type: compound. -->
          <plance>coordinate pair</plance>
          <!-- Planar Coordinate Encoding Method - the means used to represent horizontal positions. Type: text. Domain: "coordinate pair" -->
          <coordrep>
            <!-- Coordinate Representation - the method of encoding the position of a point by measuring its distance from perpendicular reference axes (the "coordinate pair" method). Type: compound. -->
            <absres>0.01</absres>
            <!-- Abscissa Resolution - the (nominal) minimum distance between the "x" or column values of two adjacent points, expressed in Planar Distance Units of measure. Type: real. Domain: Abscissa Resolution > 0.0 -->
            <ordres>0.01</ordres>
            <!-- Ordinate Resolution - the (nominal) minimum distance between the "y" or row values of two adjacent points, expressed in Planar Distance Units of measure. Type: real. Domain: Ordinate Resolution > 0.0 -->
          </coordrep>
          <plandu>meters</plandu>
          <!-- Planar Distance Units - units of measure used for distances. Type: text. Domain: "meters" "international feet" "US survey feet" free text. -->
        </planci>
      </planar>
      <geodetic>
        <!-- Geodetic Model - parameters for the shape of the earth. Type: compound. -->
        <horizdn>North American Datum of 1983</horizdn>
        <!-- Horizontal Datum Name - the identification given to the reference system used for defining the coordinates of points. Type: text. Domain: "North American Datum of 1927" "North American Datum of 1983" free text. -->
        <ellips>Geodetic Reference System 80</ellips>
        <!-- Ellipsoid Name - identification given to established representations of the Earth's shape. Type: text. Domain: "Clarke 1866" "Geodetic Reference System 80" free text. -->
        <semiaxis>6378137</semiaxis>
        <!-- Semi-major Axis - radius of the equatorial axis of the ellipsoid. Type: real. Domain: Semi-major Axis > 0.0 -->
        <denflat>298.257222101</denflat>
        <!-- Denominator of Flattening Ratio - the denominator of the ratio of the difference between the equatorial and polar radii of the ellipsoid when the numerator is set to 1. Type: real. Domain: Denominator of Flattening > 0.0 -->
      </geodetic>
    </horizsys>
    <vertdef>
      <!-- Vertical Coordinate System Definition - the reference frame or system from which vertical distances (altitudes or depths) are measured. Type: compound. -->
      <altsys>
        <!-- Altitude System Definition - the reference frame or system from which altitudes (elevations) are measured. Type: compound. -->
        <altdatum>North American Vertical Datum of 1988</altdatum>
        <!-- Altitude Datum Name. Type: text. Domain: "National Geodetic Vertical Datum of 1929" "North American Vertical Datum of 1988" free text-->
        <altres>0.01</altres>
        <!-- Vertical Resolution: The minimum distance possible between two adjacent elevation values, expressed in Distance Units of measure.  Domain: Elevation Resolution > 0.0 -->
        <altunits>meters</altunits>
        <!-- Altitude Distance Units - units in which altitudes (elevations) are recorded. Type: text. Domain: "meters" "international feet" "US survey feet" free text-->
        <altenc>Explicit elevation coordinate included with horizontal coordinates</altenc>
        <!-- Altitude Encoding Method - the means used to encode the altitudes. Domain: "Explicit elevation coordinate included with horizontal coordinates" -->
      </altsys>
    </vertdef>
  </spref>
  <metainfo>
    <!-- Metadata Reference Information - information on the currentness of the metadata information, and the responsible party. Type: compound. -->
    <metd>20150528</metd>
    <!-- Metadata Date - the date that the metadata were created or last updated. Type: date. Domain: free date. -->
    <metc>
      <!-- Metadata Contact - the party responsible for the metadata information. Type: compound. -->
      <cntinfo>
        <!-- Contact Information - Identity of, and means to communicate with, person(s) and organization(s) associated with the data set.Type: compound. -->
        <cntorgp>
          <!-- Contact Organization Primary - the organization, and the member of the organization, associated with the data set. Type: compound. -->
          <cntorg>F.L.W. Mapping, Inc.</cntorg>
          <!-- Contact Organization - the name of the organization. Type: text. Domain: free text. -->
        </cntorgp>
        <cntaddr>
          <!-- Contact Address - the address for the organization or individual. Type: compound. -->
          <addrtype>mailing and physical</addrtype>
          <!-- Address Type. Type: text. Domain: "mailing" "physical" "mailing and physical", free text. -->
          <address>123 Main St.</address>
          <!-- Address - an address line for the address. Type: text. Domain: free text. -->
          <city>Rolla</city>
          <!-- City - the city of the address. Type: text. Domain: free text. -->
          <state>MO</state>
          <!-- State or Province - the state or province of the address. Type: text. Domain: free text. -->
          <postal>65401</postal>
          <!-- Postal Code - the ZIP or other postal code of the address. Type: text. Domain: free text. -->
          <country>USA</country>
          <!-- Country - the country of the address. Type: text. Domain: free text. -->
        </cntaddr>
        <cntvoice>(573)555-1234</cntvoice>
        <!-- Contact Voice Telephone - the telephone number by which individuals can speak to the organization or individual. Type: text. Domain: free text. -->
      </cntinfo>
    </metc>
    <metstdn>FGDC Content Standard for Digital Geospatial Metadata</metstdn>
    <!-- Metadata Standard Name - the name of the metadata standard used to document the data set. Type: text. Domain: "FGDC Content Standard for Digital Geospatial Metadata" free text. -->
    <metstdv>FGDC-STD-001-1998</metstdv>
    <!-- Metadata Standard Version - identification of the version of the metadata standard used to document the data set. Type: text. Domain: free text. -->
  </metainfo>
</metadata>